{"1": [{"t": 0.275, "precision": 0.090909, "recall": 1.0, "f1": 0.166667}], "2": [{"t": 0.1025, "precision": 0.090909, "recall": 1.0, "f1": 0.166667}], "3": [{"t": 0.4219, "precision": 0.090909, "recall": 1.0, "f1": 0.166667}], "4": [{"t": 0.2327, "precision": 0.090909, "recall": 1.0, "f1": 0.166667}], "5": [{"t": 0.1988, "precision": 0.090909, "recall": 1.0, "f1": 0.166667}], "6": [{"t": 0.4492, "precision": 1.0, "recall": 0.27027, "f1": 0.425532}], "7": [{"t": 0.8058, "precision": 0.852941, "recall": 0.783784, "f1": 0.816901}], "8": [{"t": 0.1555, "precision": 0.52381, "recall": 0.594595, "f1": 0.556962}], "9": [{"t": 0.3799, "precision": 0.090909, "recall": 1.0, "f1": 0.166667}], "10": [{"t": 0.2645, "precision": 1.0, "recall": 0.297297, "f1": 0.458333}], "11": [{"t": 0.1248, "precision": 0.090909, "recall": 1.0, "f1": 0.166667}], "12": [{"t": 0.2932, "precision": 0.090909, "recall": 1.0, "f1": 0.166667}]}