{"1": [{"t": 0.275, "precision": 0.169941, "recall": 1.0, "f1": 0.290512}], "2": [{"t": 0.1025, "precision": 0.169941, "recall": 1.0, "f1": 0.290512}], "3": [{"t": 0.4219, "precision": 0.169941, "recall": 1.0, "f1": 0.290512}], "4": [{"t": 0.2327, "precision": 0.211354, "recall": 1.0, "f1": 0.348955}], "5": [{"t": 0.1988, "precision": 0.169941, "recall": 1.0, "f1": 0.290512}], "6": [{"t": 0.4492, "precision": 1.0, "recall": 0.009822, "f1": 0.019454}], "7": [{"t": 0.8058, "precision": 0.208721, "recall": 1.0, "f1": 0.345358}], "8": [{"t": 0.1555, "precision": 0.183044, "recall": 0.784662, "f1": 0.296842}], "9": [{"t": 0.3799, "precision": 0.169941, "recall": 1.0, "f1": 0.290512}], "10": [{"t": 0.2645, "precision": 1.0, "recall": 0.027956, "f1": 0.054392}], "11": [{"t": 0.1248, "precision": 0.169941, "recall": 1.0, "f1": 0.290512}], "12": [{"t": 0.2932, "precision": 0.169941, "recall": 1.0, "f1": 0.290512}], "13": [{"t": 0.1923, "precision": 1.0, "recall": 0.014356, "f1": 0.028305}], "14": [{"t": 0.2279, "precision": 0.169941, "recall": 1.0, "f1": 0.290512}], "15": [{"t": 0.8665, "precision": 0.338913, "recall": 0.894975, "f1": 0.491647}], "16": [{"t": 0.6357, "precision": 1.0, "recall": 0.027578, "f1": 0.053676}], "17": [{"t": 0.3553, "precision": 0.169941, "recall": 1.0, "f1": 0.290512}], "18": [{"t": 0.635, "precision": 0.169941, "recall": 1.0, "f1": 0.290512}], "19": [{"t": 0.4623, "precision": 0.169941, "recall": 1.0, "f1": 0.290512}], "20": [{"t": 0.3243, "precision": 0.169941, "recall": 1.0, "f1": 0.290512}], "21": [{"t": 0.805, "precision": 1.0, "recall": 0.270495, "f1": 0.42581}], "22": [{"t": 0.211, "precision": 0.615193, "recall": 0.373253, "f1": 0.464613}], "23": [{"t": 0.6554, "precision": 1.0, "recall": 0.010578, "f1": 0.020935}], "24": [{"t": 0.2649, "precision": 0.920844, "recall": 0.263695, "f1": 0.409985}], "25": [{"t": 0.5846, "precision": 0.169941, "recall": 1.0, "f1": 0.290512}], "26": [{"t": 0.2193, "precision": 1.0, "recall": 0.0136, "f1": 0.026836}], "27": [{"t": 0.7558, "precision": 0.996104, "recall": 0.579524, "f1": 0.732744}], "28": [{"t": 0.16, "precision": 0.169941, "recall": 1.0, "f1": 0.290512}], "29": [{"t": 0.3816, "precision": 0.169941, "recall": 1.0, "f1": 0.290512}], "30": [{"t": 0.8608, "precision": 0.283628, "recall": 0.278806, "f1": 0.281196}], "31": [{"t": 0.8848, "precision": 1.0, "recall": 0.612014, "f1": 0.759316}], "32": [{"t": 0.2935, "precision": 0.184108, "recall": 0.999622, "f1": 0.310947}], "33": [{"t": 0.9538, "precision": 1.0, "recall": 0.009822, "f1": 0.019454}], "34": [{"t": 0.9126, "precision": 0.989362, "recall": 0.421609, "f1": 0.591258}], "35": [{"t": 0.3739, "precision": 0.169941, "recall": 1.0, "f1": 0.290512}], "36": [{"t": 0.3242, "precision": 0.169941, "recall": 1.0, "f1": 0.290512}], "37": [{"t": 0.8787, "precision": 1.0, "recall": 0.618814, "f1": 0.764527}], "38": [{"t": 0.2409, "precision": 0.243826, "recall": 0.973555, "f1": 0.389982}], "39": [{"t": 0.7319, "precision": 0.169941, "recall": 1.0, "f1": 0.290512}], "40": [{"t": 0.6598, "precision": 0.941034, "recall": 0.73555, "f1": 0.8257}], "41": [{"t": 0.5277, "precision": 0.169941, "recall": 1.0, "f1": 0.290512}], "42": [{"t": 0.9289, "precision": 1.0, "recall": 0.009822, "f1": 0.019454}], "43": [{"t": 0.9951, "precision": 1.0, "recall": 0.019267, "f1": 0.037806}], "44": [{"t": 0.4515, "precision": 1.0, "recall": 0.018512, "f1": 0.03635}], "45": [{"t": 0.3381, "precision": 0.509877, "recall": 0.624103, "f1": 0.561237}], "46": [{"t": 0.2202, "precision": 0.169941, "recall": 1.0, "f1": 0.290512}], "47": [{"t": 0.0674, "precision": 0.171883, "recall": 1.0, "f1": 0.293345}], "48": [{"t": 0.5142, "precision": 0.664879, "recall": 0.562146, "f1": 0.609212}], "49": [{"t": 0.5392, "precision": 1.0, "recall": 0.219116, "f1": 0.359467}], "50": [{"t": 0.7846, "precision": 1.0, "recall": 0.009822, "f1": 0.019454}]}