,Dedupe,Splink,Zingg,pyJedAI
CORA,0.755232,0.79746,0.559848,0.8257
CDDB,0.986667,0.911765,0.911765,0.816901
