dataset,config_id,family,csv_test_f1,pairwise_precision,pairwise_recall,pairwise_f1,bcubed_precision,bcubed_recall,bcubed_f1,n_entities,n_pred_pairs,n_gt_pairs,time_sec,status
D2,44,ccer,0.646914,0.617925,0.678756,0.646914,0.953884,0.968172,0.960975,1948,212,193,36.11,OK
D3,44,ccer,0.649237,0.577519,0.741294,0.649237,0.954843,0.979907,0.967213,2588,258,201,27.78,OK
D4,6,ccer,0.998857,0.997717,1.0,0.998857,0.998902,1.0,0.999451,911,438,437,5.09,OK
D5,22,ccer,0.932432,0.893782,0.974576,0.932432,0.995168,0.998948,0.997054,8554,386,354,107.77,OK
D6,33,ccer,0.61745,0.725926,0.513089,0.601227,0.996442,0.991137,0.993782,10493,135,191,181.23,OK
D7,29,ccer,0.654462,0.611111,0.704433,0.654462,0.963788,0.976341,0.970024,2536,234,203,12.54,OK
D8,44,ccer,0.694268,0.677019,0.712418,0.694268,0.993626,0.994641,0.994134,8211,161,153,40.13,OK
D9,22,ccer,0.946636,0.918919,0.976077,0.946636,0.989169,0.997235,0.993185,3616,444,418,14.42,OK
