dataset,config_id,matcher,chosen_threshold,csv_test_f1,pairwise_precision,pairwise_recall,pairwise_f1,bcubed_precision,bcubed_recall,bcubed_f1,n_entities,n_pred_pairs,n_gt_pairs,time_sec,status
D2,11,RandomForest,0.43,0.776903,0.787234,0.766839,0.776903,0.952401,0.901952,0.92649,2152,931,1076,17.42,OK
D3,11,RandomForest,0.29,0.658174,0.574074,0.771144,0.658174,0.908984,0.958798,0.933227,4393,1225,1103,16.73,OK
D4,1,GradientBoosting,0.07,0.998857,0.997717,1.0,0.998857,0.997366,0.992261,0.994807,4910,2196,2224,1.32,OK
D5,48,RandomForest,0.18,0.934927,0.882206,0.99435,0.934927,0.980461,0.981117,0.980789,11174,1968,1968,17.26,OK
D6,11,RandomForest,0.53,0.609319,0.965909,0.445026,0.609319,0.998827,0.94802,0.97276,12928,413,1072,36.61,OK
D7,24,LogisticRegression,0.37,0.666667,0.632743,0.704433,0.666667,0.976254,0.970648,0.973443,13866,1015,1095,2.27,OK
D8,9,RandomForest,0.39,0.733564,0.779412,0.69281,0.733564,0.995743,0.988834,0.992277,24628,681,853,16.59,OK
D9,29,GradientBoosting,0.01,0.953069,0.958838,0.947368,0.953069,0.999008,0.995616,0.997309,63869,2079,2308,10.55,OK
