dataset,config_id,family,chosen_threshold,csv_test_f1,pairwise_precision,pairwise_recall,pairwise_f1,bcubed_precision,bcubed_recall,bcubed_f1,n_entities,n_pred_pairs,n_gt_pairs,time_sec,status
D2,11,ccer,0.43,0.776903,0.787234,0.766839,0.776903,0.977755,0.976899,0.977327,1948,188,193,17.69,OK
D3,11,ccer,0.29,0.658174,0.574074,0.771144,0.658174,0.95237,0.982226,0.967067,2588,270,201,17.09,OK
D4,1,ccer,0.07,0.998857,0.997717,1.0,0.998857,0.998902,1.0,0.999451,911,438,437,1.48,OK
D5,48,ccer,0.18,0.934927,0.882206,0.99435,0.934927,0.994505,0.999766,0.997129,8554,399,354,18.47,OK
D6,11,ccer,0.53,0.609319,0.965909,0.445026,0.609319,0.999714,0.989898,0.994782,10493,88,191,40.0,OK
D7,24,ccer,0.37,0.666667,0.632743,0.704433,0.666667,0.967008,0.976341,0.971652,2536,226,203,2.53,OK
D8,9,ccer,0.39,0.733564,0.779412,0.69281,0.733564,0.996346,0.994276,0.99531,8211,136,153,17.59,OK
D9,29,ccer,0.01,0.953069,0.958838,0.947368,0.953069,0.994792,0.993916,0.994354,3616,413,418,10.61,OK
