{"1": [{"t": 0.7735, "precision": 0.300193, "recall": 0.467669, "f1": 0.365667}], "2": [{"t": 0.8771, "precision": 1.0, "recall": 0.184962, "f1": 0.312183}], "3": [{"t": 0.7656, "precision": 0.998408, "recall": 0.471429, "f1": 0.640449}], "4": [{"t": 0.9148, "precision": 0.251594, "recall": 0.890226, "f1": 0.392313}], "5": [{"t": 0.8348, "precision": 1.0, "recall": 0.003008, "f1": 0.005997}], "6": [{"t": 0.9094, "precision": 1.0, "recall": 0.077444, "f1": 0.143754}], "7": [{"t": 0.7646, "precision": 1.0, "recall": 0.003008, "f1": 0.005997}], "8": [{"t": 0.814, "precision": 0.954315, "recall": 0.282707, "f1": 0.436195}], "9": [{"t": 0.9421, "precision": 1.0, "recall": 0.003008, "f1": 0.005997}], "10": [{"t": 0.7236, "precision": 0.25, "recall": 1.0, "f1": 0.4}], "11": [{"t": 0.9114, "precision": 0.981481, "recall": 0.03985, "f1": 0.07659}], "12": [{"t": 0.9956, "precision": 1.0, "recall": 0.005263, "f1": 0.010471}]}