dataset,config_id,family,csv_test_f1,chosen_threshold,pairwise_precision,pairwise_recall,pairwise_f1,bcubed_precision,bcubed_recall,bcubed_f1,n_entities,n_pred_pairs,n_gt_pairs,time_sec,status
D2,44,ccer,0.646914,0.31,0.617925,0.678756,0.646914,0.882358,0.890335,0.886328,2152,1005,1076,97.09,OK
D3,44,ccer,0.649237,0.28,0.577519,0.741294,0.649237,0.916014,0.956294,0.935721,4393,1168,1103,51.1,OK
D4,6,ccer,0.998857,0.01,0.997717,1.0,0.998857,0.997434,0.992261,0.994841,4910,2196,2224,6.75,OK
D5,22,ccer,0.932432,0.44,0.893782,0.974576,0.932432,0.982161,0.979148,0.980652,11174,1929,1968,203.04,OK
D6,33,ccer,0.61745,0.27,0.725926,0.513089,0.601227,0.983332,0.95297,0.967913,12928,661,1072,336.92,OK
D7,29,ccer,0.654462,0.4,0.611111,0.704433,0.654462,0.974163,0.972162,0.973161,13866,1060,1095,19.7,OK
D8,44,ccer,0.694268,0.29,0.677019,0.712418,0.694268,0.994187,0.992407,0.993296,24628,801,853,71.35,OK
D9,22,ccer,0.946636,0.33,0.918919,0.976077,0.946636,0.996228,0.995428,0.995828,63869,2223,2308,24.56,OK
