,Dedupe,Splink,Zingg,pyJedAI
CORA,0.932831,0.993174,0.682314,0.891015
CDDB,0.999182,0.995074,0.995624,0.989373
